workload,variant,structure,n,time_ms,steps,moves,comparisons
W1,-,DynamicArray,100,0.222,10000,0,0
W1,-,MyLinkedList,100,0.503,501508,0,0
W2,-,DynamicArray,100,0.422,75572,0,75572
W2,-,MyLinkedList,100,0.456,74572,0,75572
W3,head,DynamicArray,100,0.159,1201920,1200920,0
W3,head,MyLinkedList,100,0.049,0,3000,0
W3,middle,DynamicArray,100,0.137,1101920,1100920,0
W3,middle,MyLinkedList,100,0.112,99000,3000,0
W4,-,MinHeap,100,0.071,3411,1241,1035
W1,-,DynamicArray,1000,0.049,10000,0,0
W1,-,MyLinkedList,1000,7.509,5005208,0,0
W2,-,DynamicArray,1000,0.297,752172,0,752172
W2,-,MyLinkedList,1000,1.285,751172,0,752172
W3,head,DynamicArray,1000,0.340,3001024,3000024,0
W3,head,MyLinkedList,1000,0.046,0,3000,0
W3,middle,DynamicArray,1000,0.246,2001024,2000024,0
W3,middle,MyLinkedList,1000,1.506,999000,3000,0
W4,-,MinHeap,1000,0.332,54665,19213,17226
W1,-,DynamicArray,10000,0.028,10000,0,0
W1,-,MyLinkedList,10000,78.701,50129208,0,0
W2,-,DynamicArray,10000,2.594,7399384,0,7399384
W2,-,MyLinkedList,10000,12.591,7398384,0,7399384
W3,head,DynamicArray,10000,2.092,21000000,20999000,0
W3,head,MyLinkedList,10000,0.041,0,3000,0
W3,middle,DynamicArray,10000,1.141,11000000,10999000,0
W3,middle,MyLinkedList,10000,16.120,9999000,3000,0
W4,-,MinHeap,10000,1.445,754133,265475,239329
W1,-,DynamicArray,100000,0.038,10000,0,0
W1,-,MyLinkedList,100000,791.871,502489208,0,0
W2,-,DynamicArray,100000,25.585,73728608,0,73728608
W2,-,MyLinkedList,100000,123.307,73727608,0,73728608
W3,head,DynamicArray,100000,20.482,201000000,200999000,0
W3,head,MyLinkedList,100000,0.009,0,3000,0
W3,middle,DynamicArray,100000,10.269,101000000,100999000,0
W3,middle,MyLinkedList,100000,157.021,99999000,3000,0
W4,-,MinHeap,100000,9.631,9505677,3287427,3059125
